reaction,fluxes
R_PDE1,0.0
R_AGP3_2,0.0
R_AGP3_1,0.0
R_GUA1,0.0
R_PHO84,-1.967244423453151e-15
R_AGP3_3,0.0
R_MEP3,0.0
R_ACALxtO,0.0
R_GPX1,0.0
R_SOR1,0.0
R_MEP1,0.0
R_MEP2,0.0
R_OGTxtO,0.0
R_ADxtI,0.0
R_ACALxtI,0.0
R_U116_,0.0
R_POS5_2,7.035892509272358e-31
R_U225_,0.0
R_POS5_1,0.0
R_U201_,0.0
R_U21_,0.0
R_FRUxtO,0.0
R_U45_,0.0
R_GPX2,0.0
R_U69_,0.0
R_HXT5_1,10.000000000000002
R_HXT5_2,0.0
R_HXT5_3,0.0
R_FRUxtI,0.0
R_U7_,0.0
R_ECM38,0.0
R_OAC1,0.0
R_ASP1,0.0
R_ECM31,0.0
R_TYRxtO,0.0
R_PSD1,0.0
R_ADE17_1,2.763555034254961e-16
R_U139_,0.0
R_HXT11_5,0.0
R_HXT11_4,0.0
R_OGTxtI,0.0
R_U115_,1.237180525887296e-15
R_PSD2,0.0
R_ADE17_2,2.763555034254966e-16
R_U224_,0.0
R_ADxtO,0.0
R_HXT11_1,0.0
R_ADK2_1,-1.5901951099235758e-32
R_BAT2_3,0.0
R_U200_,0.0
R_ADK2_2,0.0
R_BAT2_2,0.0
R_HXT11_3,0.0
R_PEPTxtO,0.0
R_TSC10,0.0
R_ADK2_3,0.0
R_BAT2_1,0.0
R_HXT11_2,0.0
R_U22_,0.0
R_TYRxtI,0.0
R_U46_,0.0
R_YBR006WUGA2,0.0
R_PEPTxtI,0.0
R_U6_,0.0
R_INO1,0.0
R_CDC21,0.0
R_U9_,0.0
R_PDC1,0.0
R_CYS4,0.0
R_CYS3,0.0
R_ARGxtI,0.0
R_NDI1,0.0
R_GLxtO,0.0
R_ARGxtO,0.0
R_CSG2,0.0
R_U118_,0.0
R_U227_,8.571428571428568
R_KTR6,0.0
R_GSNxtO,0.0
R_U203_,0.0
R_KTR4,0.0
R_FSP2_1,0.0
R_FSP2_2,0.0
R_DED81,0.0
R_U43_,0.0
R_GSNxtI,0.0
R_FUCxtI,0.0
R_PDC6,0.0
R_HIS4_1,0.0
R_U67_,0.0
R_HIS4_2,0.0
R_HIS4_3,0.0
R_GLN1,5.224489795918362
R_KTR3,0.0
R_KTR2,0.0
R_FUCxtO,0.0
R_PDC5,0.0
R_KTR1,0.0
R_IPP1,2.61224489795918
R_U8_,0.0
R_RNR3,0.0
R_ASN1,0.0
R_ASN2,0.0
R_AUR1,0.0
R_BNA4,0.0
R_PSA1,0.0
R_BNA2,0.0
R_GA6PxtO,0.0
R_GPM1_2,17.142857142857142
R_BNA1,0.0
R_GPM1_1,0.0
R_ECM17,0.0
R_GAL2_2,0.0
R_TKL1_1,2.857142857142856
R_U117_,-1.2371805258872958e-15
R_U226_,0.0
R_U202_,4.970138685292277e-15
R_GLxtI,0.0
R_GA6PxtI,0.0
R_CHS3,0.0
R_U20_,0.0
R_CHS2,0.0
R_TKL1_2,2.857142857142856
R_CHS1,0.0
R_U44_,0.0
R_FMT1,0.0
R_FOX2,0.0
R_ADE12,0.0
R_U68_,0.0
R_GLO2,0.0
R_INM1,0.0
R_GLO1,0.0
R_YHL012W,0.0
R_GLO4,0.0
R_HOR2,0.0
R_FCY22_1,0.0
R_HXT3_1,0.0
R_FCY22_3,0.0
R_HXT3_2,0.0
R_FCY22_2,0.0
R_MET7,0.0
R_PYRD,0.0
R_GLT1,2.612244897959182
R_MET3,0.0
R_MET6,0.0
R_MET1,0.0
R_MET2,0.0
R_FAA1,0.0
R_FAA2,0.0
R_FAA3,0.0
R_FAA4,0.0
R_U136_,0.0
R_U112_,0.0
R_U221_,0.0
R_U3_,0.0
R_U25_,0.0
R_HXT3_3,0.0
R_U49_,-6.122831736175462e-32
R_UGA1,0.0
R_QNS1_1,0.0
R_QNS1_2,-1.5901951099235758e-32
R_HYXNxtI,0.0
R_URAxtO,0.0
R_LCB5_2,0.0
R_HMT1,0.0
R_LCB5_1,0.0
R_HYXNxtO,0.0
R_URAxtI,0.0
R_VALxtI,0.0
R_U159_,0.0
R_U135_,0.0
R_YOR071CNRT1,0.0
R_U111_,0.0
R_VALxtO,0.0
R_U220_,0.0
R_U2_,0.0
R_U26_,0.0
R_FAB1,0.0
R_YGR037C_YNR016C_YKL182W_YPL231W_3,0.0
R_YGR037C_YNR016C_YKL182W_YPL231W_4,0.0
R_YGR037C_YNR016C_YKL182W_YPL231W_1,0.0
R_YGR037C_YNR016C_YKL182W_YPL231W_2,0.0
R_PHO8,0.0
R_BPH1,0.0
R_YGR037C_YNR016C_YKL182W_YPL231W_7,0.0
R_YGR037C_YNR016C_YKL182W_YPL231W_8,0.0
R_TPS3,0.0
R_YGR037C_YNR016C_YKL182W_YPL231W_5,0.0
R_PFK2,7.142857142857142
R_TPS2,0.0
R_YGR037C_YNR016C_YKL182W_YPL231W_6,0.0
R_TPS1,0.0
R_U138_,0.0
R_LEUxtO,0.0
R_U114_,-1.237180525887296e-15
R_U223_,0.0
R_CDC19,17.142857142857142
R_GLR1,0.0
R_U23_,0.0
R_FKS1,0.0
R_YGR037C_YNR016C_YKL182W_YPL231W_9,0.0
R_IPT1,0.0
R_U47_,0.0
R_FKS3,0.0
R_U5_,0.0
R_DTTPxtO,0.0
R_RMNxtI,0.0
R_BET2,0.0
R_LEUxtI,0.0
R_DTTPxtI,0.0
R_RMNxtO,0.0
R_U113_,0.0
R_U222_,0.0
R_IDP3_1,0.0
R_KRS1,0.0
R_U24_,0.0
R_IDP3_2,-1.191049557291728e-30
R_U4_,0.0
R_U48_,0.0
R_CDC8,0.0
R_BNA5_1,0.0
R_AAT2_2,0.0
R_AAT2_1,19.755102040816322
R_GCV2,0.0
R_U209_,0.0
R_FMN1_1,0.0
R_FMN1_2,0.0
R_ASPxtI,0.0
R_TAL1,2.857142857142856
R_URA2_2,2.6122448979591804
R_ITR2,0.0
R_URA2_1,0.0
R_U61_,0.0
R_LYS1,0.0
R_HEM14,0.0
R_U85_,0.0
R_HEM15,0.0
R_HMG1,0.0
R_HEM12,0.0
R_HMG2,0.0
R_LYS4,6.122831736175461e-32
R_HEM13,0.0
R_HXT9_1,0.0
R_HXT9_2,0.0
R_JEN1_2,0.0
R_HXT9_3,0.0
R_JEN1_1,0.0
R_HXT9_4,0.0
R_ITR1,0.0
R_TPI1,7.1428571428571415
R_NPT1_1,0.0
R_NPT1_2,-1.5901951099235755e-32
R_YJL216C,0.0
R_VGRO,0.0
R_LYS9,0.0
R_U208_,0.0
R_ERR1_1,17.142857142857142
R_ERR1_2,0.0
R_ADE13_1,2.763555034254961e-16
R_U62_,0.0
R_U86_,0.0
R_ADE13_2,0.0
R_AAH1_1,0.0
R_AAH1_2,0.0
R_BNA5_2,0.0
R_AAH1_3,0.0
R_YPL275W,0.0
R_AMD1_1,-5.246494188717773e-15
R_DUR12_2,2.61224489795918
R_AMD1_2,0.0
R_KRE2,0.0
R_DUR12_1,2.6122448979591804
R_BIO2,0.0
R_THR4_1,9.479869738393103e-16
R_THR4_2,0.0
R_U83_,0.0
R_ADH4,0.0
R_ADH5,0.0
R_ADH2,0.0
R_ADH3,0.0
R_EPT1,0.0
R_BIO5,0.0
R_BIO4,0.0
R_TRK1,0.0
R_ADH1,0.0
R_BIO3,0.0
R_URK1_1,0.0
R_MELIxtI,0.0
R_URK1_2,0.0
R_CHO1_1,0.0
R_URK1_3,0.0
R_PPT2,0.0
R_CHO1_2,0.0
R_MTD1,0.0
R_XKS1,0.0
R_ASPxtO,0.0
R_U60_,0.0
R_U84_,0.0
R_IDP1_2,0.0
R_MELIxtO,0.0
R_IDP1_1,0.0
R_BGL2,0.0
R_THI6_1,-1.519579502675597e-15
R_AGP1_4,0.0
R_YGR287C,0.0
R_THI6_2,-1.5195795026755971e-15
R_AGP1_3,0.0
R_AGP1_6,0.0
R_AGP1_5,0.0
R_AGP1_8,0.0
R_AGP1_7,0.0
R_AGP1_9,0.0
R_BAP2_2,0.0
R_BAP2_1,0.0
R_BAP2_4,0.0
R_BAP2_3,0.0
R_BAP2_6,0.0
R_BAP2_5,0.0
R_AGP1_2,0.0
R_BAP2_8,0.0
R_U229_,0.0
R_AGP1_1,0.0
R_BAP2_7,0.0
R_PYK2,0.0
R_DEG1,0.0
R_U205_,0.0
R_U41_,0.0
R_SORxtI,0.0
R_U65_,0.0
R_HXT7_3,0.0
R_SUCCxtO,0.0
R_SORxtO,0.0
R_U89_,0.0
R_SUCxtI,0.0
R_PDA1,0.0
R_CYTDxtO,0.0
R_HXT7_1,0.0
R_HXT7_2,0.0
R_SUCxtO,0.0
R_PGI1_1,1.4285714285714315
R_PGI1_2,0.0
R_MAE1,-4.974510383501211e-16
R_SUCCxtI,0.0
R_TRR2,0.0
R_CYR1,0.0
R_TRR1,0.0
R_YBR284W,0.0
R_GABAxtI,0.0
R_ORNxtI,0.0
R_ADE3_2,-1.4982467031336566e-16
R_ADE3_1,3.1081066967460774e-16
R_SAMxtO,0.0
R_ADE3_3,3.108106696746078e-16
R_U119_,0.0
R_U228_,-8.571428571428566
R_GABAxtO,0.0
R_O2xtI,-8.571428571428568
R_U204_,0.0
R_GFA1,0.0
R_U42_,0.0
R_U66_,0.0
R_NH3xtI,0.0
R_MIS1_1,-1.237180525887296e-15
R_DFR1_1,0.0
R_MIS1_2,1.237180525887296e-15
R_DFR1_2,0.0
R_MIS1_3,0.0
R_ORNxtO,0.0
R_NH3xtO,0.0
R_SOL2,8.571428571428571
R_SOL1,0.0
R_XANxtI,0.0
R_NDE1,17.14285714285714
R_MIR1,-1.2371805258872948e-15
R_FUM1_2,2.6122448979591804
R_FUM1_1,3.7454180941788774e-16
R_U207_,0.0
R_XANxtO,-4.970138685292277e-15
R_YKL192C_YER061C_YOR221C_YKL055C_6,0.0
R_HOM3,5.569849715015399e-16
R_SAMxtI,0.0
R_YKL192C_YER061C_YOR221C_YKL055C_5,0.0
R_ALD5_1,0.0
R_YKL192C_YER061C_YOR221C_YKL055C_8,0.0
R_YKL192C_YER061C_YOR221C_YKL055C_7,0.0
R_HOM2,5.5698497150154e-16
R_THYxtO,0.0
R_YKL192C_YER061C_YOR221C_YKL055C_9,0.0
R_U63_,0.0
R_ALD5_2,0.0
R_U87_,0.0
R_BMxtI,0.0
R_BMxtO,0.0
R_NDE2,0.0
R_YKL192C_YER061C_YOR221C_YKL055C_2,0.0
R_YKL192C_YER061C_YOR221C_YKL055C_1,0.0
R_THYxtI,0.0
R_PGI1_3,0.0
R_SOL4,0.0
R_YPL276W,0.0
R_YKL192C_YER061C_YOR221C_YKL055C_4,0.0
R_DIM1,0.0
R_SOL3,0.0
R_YKL192C_YER061C_YOR221C_YKL055C_3,0.0
R_TRP4,0.0
R_TRP1,0.0
R_CYTDxtI,0.0
R_MLTxtO,0.0
R_TAT1_2,0.0
R_TAT1_3,0.0
R_FCY2_1,0.0
R_MLTxtI,0.0
R_FCY2_2,0.0
R_TAT1_1,0.0
R_FCY2_3,0.0
R_TAT1_6,0.0
R_TAT1_7,0.0
R_COX10,0.0
R_TAT1_4,0.0
R_TAT1_5,0.0
R_U206_,0.0
R_CHO2,0.0
R_TAT1_8,0.0
R_TAT1_9,0.0
R_U40_,0.0
R_U64_,0.0
R_U88_,0.0
R_FBP26,0.0
R_TRP5,0.0
R_ORT1,-8.486771297979985e-16
R_ARO1_2,0.0
R_ARO1_1,0.0
R_ARO1_5,0.0
R_ARO1_4,0.0
R_RMA1,0.0
R_ARO1_3,0.0
R_U184_,0.0
R_BAPAT,17.14285714285714
R_THR1,5.5698497150154e-16
R_GUS1,0.0
R_ERG26_2,0.0
R_ERG26_1,0.0
R_SPE4,0.0
R_SPE3,0.0
R_SPE2,0.0
R_SPE1,0.0
R_U183_,0.0
R_URH1_1,0.0
R_GLUxtI,0.0
R_ATNxtO,0.0
R_HEM2,0.0
R_URH1_2,0.0
R_HEM1,0.0
R_RIB7_1,5.673403738782872e-15
R_ASNxtI,0.0
R_RIB7_2,0.0
R_O2xtO,0.0
R_HEM4,0.0
R_U186_,0.0
R_HEM3,0.0
R_U162_,0.0
R_IDH1,0.0
R_GLUxtO,0.0
R_TDH3,17.142857142857142
R_TDH2,0.0
R_TDH1,0.0
R_PDE2_3,0.0
R_PDE2_4,0.0
R_URA5,0.0
R_DPP1,0.0
R_PDE2_1,0.0
R_PDE2_2,0.0
R_URA3,0.0
R_XPT1,0.0
R_PDE2_5,0.0
R_COQ6,0.0
R_U185_,0.0
R_CKI1,0.0
R_IDI1,0.0
R_COQ5,0.0
R_U161_,0.0
R_COQ3,0.0
R_COQ2,0.0
R_AUS1_2,0.0
R_TYR1,0.0
R_COQ1,0.0
R_AUS1_1,0.0
R_SER3,0.0
R_UGP1,0.0
R_CHOxtI,0.0
R_U93_,0.0
R_CHOxtO,0.0
R_PIC2,0.0
R_HPT1_2,0.0
R_U180_,0.0
R_HPT1_1,0.0
R_MLS1,3.7454180941788774e-16
R_GAL7_2,0.0
R_GAL7_1,0.0
R_BTxtI,0.0
R_ADNxtO,0.0
R_HXT17_3,0.0
R_HXT17_2,0.0
R_U70_,-2.763555034254961e-16
R_ADNxtI,0.0
R_BTxtO,0.0
R_HXT17_1,0.0
R_EKI1,0.0
R_U94_,0.0
R_ADE57_2,0.0
R_ADE57_1,0.0
R_ASNxtO,0.0
R_TSL1,0.0
R_OPI3_1,0.0
R_OPI3_2,0.0
R_MNTxtO,0.0
R_SAH1,0.0
R_LYS21,0.0
R_U90_,0.0
R_MNTxtI,0.0
R_PCM1_2,0.0
R_GUT2,0.0
R_U91_,0.0
R_PCM1_1,0.0
R_GUT1,0.0
R_DIPEPxtO,0.0
R_TPN1_3,0.0
R_U182_,0.0
R_DIPEPxtI,0.0
R_HER2,0.0
R_PFK1_1,0.0
R_ILExtI,0.0
R_PFK1_3,0.0
R_TPN1_2,0.0
R_ILExtO,0.0
R_PFK1_2,0.0
R_TPN1_1,0.0
R_LYS12,-6.122831736175462e-32
R_SER2,0.0
R_U92_,0.0
R_MTHNxtO,0.0
R_LCB1,0.0
R_PRO2_1,0.0
R_PRO2_2,0.0
R_ACC1,0.0
R_U181_,0.0
R_LCB3,0.0
R_MTHNxtI,0.0
R_LCB2,0.0
R_THI7,0.0
R_CaMCRN,17.142857142857142
R_GLACxtI,0.0
R_AKG2,9.041776149536123e-16
R_GLACxtO,0.0
R_ILV2_1,0.0
R_ILV2_2,0.0
R_AKG1,0.0
R_DPH5,0.0
R_PROxtO,0.0
R_PROxtI,0.0
R_U168_,0.0
R_U144_,0.0
R_NQM1,0.0
R_DAK1,0.0
R_U120_,0.0
R_DAK2,0.0
R_PGM1_1,-4.970138685292277e-15
R_GDH1,0.0
R_PGM1_2,0.0
R_GDH3,0.0
R_CAN1_2,1.9672444234531506e-15
R_GDH2,0.0
R_CAN1_1,0.0
R_U29_,0.0
R_GLY1,0.0
R_HIP1,0.0
R_DAL1,0.0
R_FOL1_1,0.0
R_RIBxtI,0.0
R_FOL1_2,0.0
R_FOL1_3,0.0
R_FOL1_4,0.0
R_HXT15_1,0.0
R_HXT15_3,0.0
R_HXT15_2,0.0
R_U167_,0.0
R_U143_,4.770585329770727e-32
R_RIBxtO,0.0
R_DAL2,0.0
R_FEN2,0.0
R_DAL3,0.0
R_DAL4,0.0
R_DAL5,0.0
R_DAL7,0.0
R_YNK1_4,0.0
R_YNK1_3,0.0
R_GSC2,0.0
R_HXT2_1,0.0
R_YNK1_6,0.0
R_HXT2_2,0.0
R_YNK1_5,0.0
R_HXT2_3,0.0
R_FUI1_2,0.0
R_FUI1_1,0.0
R_YNK1_2,0.0
R_YNK1_1,0.0
R_FUI1_3,0.0
R_ETHxtI,0.0
R_CYSxtO,0.0
R_U146_,0.0
R_U122_,1.2390147779377946e-15
R_ETHxtO,0.0
R_YUR1,0.0
R_U27_,0.0
R_GLK1_1,10.000000000000004
R_GLK1_2,0.0
R_GLK1_3,0.0
R_YLR100C_2,0.0
R_YLR100C_1,0.0
R_YJL068C,0.0
R_CYSxtI,0.0
R_TRP3_1,0.0
R_TRP3_2,0.0
R_TRP3_3,0.0
R_U145_,-1.5901951099235758e-32
R_U121_,0.0
R_CTP1_1,2.503978430810138e-16
R_CTP1_3,3.745418094178865e-16
R_AGP1_13,0.0
R_CTP1_2,0.0
R_AGP1_12,0.0
R_YNK1_8,0.0
R_AGP1_11,0.0
R_YNK1_7,0.0
R_FAD1,0.0
R_AGP1_10,0.0
R_U28_,0.0
R_YNK1_9,0.0
R_ILV1,0.0
R_ABZ1,0.0
R_HIS2,0.0
R_HIS1,0.0
R_HIS3,0.0
R_DLD1,0.0
R_YJR105WADO1,0.0
R_FORxtI,0.0
R_FORxtO,0.0
R_DPM1,0.0
R_U188_,0.0
R_HIS6,0.0
R_U164_,0.0
R_HIS5,0.0
R_U140_,0.0
R_HIS7,0.0
R_PUS2,0.0
R_PUS1,0.0
R_PUS4,0.0
R_PUT1,0.0
R_GLALxtO,0.0
R_PDX3_5,0.0
R_PDX3_4,0.0
R_PDX3_3,0.0
R_GLALxtI,0.0
R_HXK2_3,0.0
R_HXT13_3,0.0
R_HXK2_4,0.0
R_YGL205W_YKR009C_YIL160C_1,0.0
R_HXT13_2,0.0
R_PDX3_2,0.0
R_PDX3_1,0.0
R_YGL205W_YKR009C_YIL160C_2,0.0
R_HXT13_1,0.0
R_YGL205W_YKR009C_YIL160C_3,0.0
R_U187_,0.0
R_U163_,0.0
R_PUT2,0.0
R_HXK2_1,0.0
R_HXK2_2,0.0
R_ATNxtI,0.0
R_HXT14,0.0
R_SPRMxtO,0.0
R_SPRMxtI,0.0
R_ERG20_2,0.0
R_ERG20_1,0.0
R_URA7_1,0.0
R_AONAxtO,0.0
R_URA7_2,0.0
R_DTxtI,0.0
R_U166_,0.0
R_PMA2,0.0
R_PMA1,0.0
R_DTxtO,0.0
R_U142_,0.0
R_YSR3,0.0
R_GSH2,-4.1320377455097564e-16
R_GSH1,0.0
R_RHR2,0.0
R_ERGOxtI,0.0
R_BAT1_1,0.0
R_U189_,0.0
R_ERGOxtO,0.0
R_DPL1,0.0
R_AONAxtI,0.0
R_BAT1_2,0.0
R_U165_,0.0
R_QRI1,0.0
R_U141_,0.0
R_GAP1_19,0.0
R_GAP1_18,0.0
R_GAP1_17,0.0
R_CO2xtI,0.0
R_GAP1_16,0.0
R_GAP1_15,0.0
R_GAP1_14,0.0
R_ARABxtO,0.0
R_GAP1_13,0.0
R_SERxtO,0.0
R_PGK1,17.142857142857142
R_GAP1_12,0.0
R_SFA1_2,0.0
R_GAP1_11,0.0
R_SFA1_1,0.0
R_GAP1_10,0.0
R_AGX1,0.0
R_CO2xtO,8.571428571428566
R_U128_,0.0
R_U104_,0.0
R_U213_,0.0
R_MUP3,0.0
R_ACP1,-2.5039784308101384e-16
R_U33_,-4.970138685292277e-15
R_ARO9_2,0.0
R_ARO9_1,0.0
R_U57_,0.0
R_MUP1,0.0
R_ARABxtI,0.0
R_SLM5,0.0
R_DYS1,0.0
R_U127_,0.0
R_C160xtI,0.0
R_U103_,0.0
R_C160xtO,0.0
R_TKL2_2,0.0
R_TKL2_1,0.0
R_U10_,0.0
R_MUQ1,0.0
R_U34_,0.0
R_U58_,0.0
R_SERxtI,0.0
R_FCY21_2,0.0
R_FCY21_1,0.0
R_FCY21_3,0.0
R_SPR1,0.0
R_NAxtI,0.0
R_MHT1,0.0
R_CPA2,0.0
R_U106_,0.0
R_U215_,0.0
R_CIT3,-2.503978430810138e-16
R_CIT2,6.249396524989002e-16
R_U31_,0.0
R_NAxtO,0.0
R_CIT1,0.0
R_U55_,0.0
R_PNP1_1,0.0
R_YJL070C,0.0
R_U79_,2.529371826657643e-31
R_PNP1_2,0.0
R_HXT6_1,0.0
R_AKGxtO,0.0
R_HXT6_2,0.0
R_HXT6_3,0.0
R_PNP1_7,0.0
R_PNP1_8,0.0
R_PNP1_9,4.970138685292277e-15
R_AKGxtI,0.0
R_PNP1_3,0.0
R_PNP1_4,0.0
R_PNP1_5,0.0
R_ATP1,19.28571428571428
R_PNP1_6,0.0
R_GAP1_21,0.0
R_YEF1_1,0.0
R_GAP1_20,0.0
R_YEF1_2,0.0
R_URA4_,0.0
R_U129_,-6.122831736175462e-32
R_PYRxtI,0.0
R_U105_,0.0
R_PNC1_2,-1.5901951099235755e-32
R_U214_,1.0
R_ACO2,3.745418094178865e-16
R_CEM1,0.0
R_HXT10_2,0.0
R_MSK1,0.0
R_PNC1_1,0.0
R_HXT10_1,0.0
R_HXT10_4,0.0
R_PYRxtO,0.0
R_ACO1,0.0
R_U32_,0.0
R_HXT10_3,0.0
R_U56_,6.122831736175462e-32
R_GUK1_1,0.0
R_GUK1_3,0.0
R_GUK1_2,0.0
R_FAS1_3,0.0
R_ASP34,0.0
R_FAS1_4,0.0
R_FAS1_1,0.0
R_ASP32,0.0
R_DGxtI,0.0
R_FAS1_2,0.0
R_ASP33,0.0
R_PIS1,0.0
R_CDD1_2,0.0
R_CDD1_1,0.0
R_PPA2,0.0
R_U124_,0.0
R_FUMxtO,0.0
R_U100_,0.0
R_URA10,0.0
R_ASP31,0.0
R_U13_,0.0
R_U37_,0.0
R_FLX1,0.0
R_PAD1,0.0
R_DIC1_3,0.0
R_DIC1_2,-1.2371805258872948e-15
R_SLFxtI,0.0
R_DIC1_1,-3.745418094178878e-16
R_SLFxtO,0.0
R_SUC2,0.0
R_ACxtI,0.0
R_U147_,0.0
R_U123_,0.0
R_U14_,0.0
R_FDH1,0.0
R_U38_,0.0
R_ARO7,0.0
R_ARO8,0.0
R_HXT4_1,0.0
R_ARO3,0.0
R_ARO4,0.0
R_PHExtI,0.0
R_ARO2,3.2982153174548257e-31
R_LEU2,0.0
R_ACxtO,0.0
R_METxtO,0.0
R_LEU4,0.0
R_FBA1,7.1428571428571415
R_U126_,0.0
R_U102_,0.0
R_U211_,0.0
R_YBR184W_5,0.0
R_U11_,0.0
R_PHExtO,0.0
R_YBR184W_6,0.0
R_YBR184W_7,0.0
R_U35_,0.0
R_YBR184W_1,0.0
R_U59_,0.0
R_UTR1_2,0.0
R_HXT4_2,0.0
R_YBR184W_2,0.0
R_HXT4_3,0.0
R_YBR184W_3,0.0
R_HXT4_4,0.0
R_YBR184W_4,0.0
R_UTR1_1,0.0
R_ALD2,0.0
R_SFC1,0.0
R_ALD3,0.0
R_SEC59,0.0
R_LCB4_2,0.0
R_TOR2,0.0
R_LCB4_1,0.0
R_ACS2,1.2390147779377946e-15
R_TOR1,0.0
R_FUMxtI,0.0
R_ACS1,0.0
R_ALD6,0.0
R_SEC53,0.0
R_U149_,0.0
R_U125_,0.0
R_ADK1_1,2.6122448979591866
R_ADK1_2,0.0
R_U101_,0.0
R_ADK1_3,0.0
R_METxtI,0.0
R_DGxtO,0.0
R_U12_,0.0
R_U36_,0.0
R_SER33,0.0
R_STT4,0.0
R_ERG24,0.0
R_DCD1_1,0.0
R_DCD1_2,0.0
R_YML082W,0.0
R_FCY1,0.0
R_APA2,0.0
R_VHT1,0.0
R_AGP2,0.0
R_IMD1,-4.970138685292277e-15
R_U73_,0.0
R_IMD2,0.0
R_U97_,4.7705853297707277e-32
R_TRPxtI,0.0
R_FPS1,0.0
R_ACH1,0.0
R_TRPxtO,0.0
R_PMP2,0.0
R_KxtI,0.0
R_POT1,0.0
R_PMP1,0.0
R_ZWF1,8.571428571428571
R_DIP5_3,0.0
R_SDH3_1,3.7454180941788774e-16
R_DIP5_2,0.0
R_IMD3,0.0
R_DIP5_1,0.0
R_IMD4,0.0
R_DIP5_7,0.0
R_DIP5_6,0.0
R_SDH3_2,3.745418094178876e-16
R_DIP5_5,0.0
R_SCS7,0.0
R_DIP5_4,0.0
R_RNR1_3,0.0
R_RNR1_4,0.0
R_U50_,0.0
R_MSE1,0.0
R_RNR1_1,0.0
R_RNR1_2,0.0
R_U74_,0.0
R_U98_,17.14285714285714
R_IDP2_2,0.0
R_IDP2_1,-1.191049557291728e-30
R_RIB5,2.529371826657643e-31
R_KxtO,0.0
R_RIB1,0.0
R_CTA1,0.0
R_AAT1_1,0.0
R_AAT1_2,0.0
R_SAM1,0.0
R_URA1_1,0.0
R_U71_,0.0
R_U95_,4.770585329770727e-32
R_COX1,8.571428571428568
R_HTS1,0.0
R_U190_,0.0
R_ERG13,0.0
R_ERG11,0.0
R_THMxtI,0.0
R_NMT1,0.0
R_THMxtO,0.0
R_SAM4,0.0
R_SAM2,0.0
R_ATH1,0.0
R_SAM3,0.0
R_U72_,0.0
R_RBK1_2,0.0
R_LYSxtO,0.0
R_U96_,0.0
R_RBK1_1,0.0
R_SLC1,0.0
R_LYSxtI,0.0
R_AAC3,19.285714285714278
R_AAC1,0.0
R_RKI1,2.8571428571428608
R_LEU1_1,0.0
R_PIK1,0.0
R_LEU1_2,0.0
R_AMD2_1,0.0
R_AMD2_2,0.0
R_UREAxtI,0.0
R_AMD2_3,0.0
R_SRT1,0.0
R_UGA4_2,0.0
R_UGA4_1,0.0
R_NMNxtI,0.0
R_UREAxtO,0.0
R_CRC1,-2.5039784308101384e-16
R_U108_,0.0
R_U217_,0.0
R_ALD4_1,0.0
R_ALD4_2,0.0
R_U53_,0.0
R_U77_,0.0
R_GLCxtI,-10.0
R_CAB1,0.0
R_HNM1,0.0
R_NMNxtO,0.0
R_PMT6,0.0
R_PMT3,0.0
R_PMT2,0.0
R_GLCxtO,0.0
R_PMT5,0.0
R_THI20_2,-2.763555034254961e-16
R_PMT4,0.0
R_THI20_1,-2.763555034254961e-16
R_YOR192CTHI72,0.0
R_TAT2_1,0.0
R_PIMExtO,0.0
R_TAT2_2,0.0
R_PMT1,0.0
R_TAT2_5,0.0
R_TAT2_6,0.0
R_CRD1,0.0
R_TAT2_3,0.0
R_U107_,0.0
R_TAT2_4,0.0
R_NTH1,0.0
R_GAP1_8,0.0
R_U216_,0.0
R_NTH2,0.0
R_GAP1_7,0.0
R_3HPxtO,17.142857142857142
R_PIMExtI,0.0
R_GAP1_9,0.0
R_U30_,0.0
R_U54_,0.0
R_U78_,0.0
R_GLNxtO,0.0
R_GLNxtI,0.0
R_MDH1,-1.4894126210188091e-15
R_BAP3_8,0.0
R_MDH2,0.0
R_EXG1,0.0
R_MDH3,2.6122448979591817
R_EXG2,0.0
R_GAL10,0.0
R_LACxtO,0.0
R_BAP3_1,0.0
R_ARG8,8.486771297979983e-16
R_GAP1_2,0.0
R_BAP3_3,0.0
R_GAP1_1,0.0
R_BAP3_2,0.0
R_ARG3,2.612244897959183
R_GAP1_4,0.0
R_BAP3_5,0.0
R_URIxtI,0.0
R_ARG4,2.6122448979591804
R_GAP1_3,0.0
R_BAP3_4,0.0
R_U219_,0.0
R_ARG1,2.6122448979591804
R_GAP1_6,0.0
R_BAP3_7,0.0
R_GAP1_5,0.0
R_BAP3_6,0.0
R_ZYMSTxtO,0.0
R_U51_,0.0
R_ZYMSTxtI,0.0
R_U75_,0.0
R_URIxtO,0.0
R_GLYxtI,0.0
R_U99_,0.0
R_HXT8_2,0.0
R_LACxtI,0.0
R_HXT8_3,0.0
R_C180xtI,0.0
R_GLYxtO,0.0
R_HXT8_1,0.0
R_C180xtO,0.0
R_OPEPxtO,0.0
R_OPEPxtI,0.0
R_U109_,8.571428571428566
R_U218_,0.0
R_ADE16_2,0.0
R_ADE16_1,0.0
R_U52_,0.0
R_TRExtO,0.0
R_U76_,-1.5195795026755971e-15
R_GSY1,0.0
R_GSY2,0.0
R_ODC2,0.0
R_ODC1,0.0
R_TRExtI,0.0
R_PNTOxtO,0.0
R_APA1_3,0.0
R_MMP1,0.0
R_DANNAxtI,0.0
R_DANNAxtO,0.0
R_PNTOxtI,0.0
R_URA6_2,0.0
R_URA6_3,0.0
R_SDL1,6.121020633497048e-16
R_URA6_1,0.0
R_PCT1,0.0
R_CPT1,0.0
R_ERR2,0.0
R_GPH1,0.0
R_U196_,0.0
R_YIL172C,0.0
R_U172_,0.0
R_FBP1,0.0
R_MMETxtO,0.0
R_MMETxtI,0.0
R_GND1,8.571428571428571
R_GND2,0.0
R_RER2,0.0
R_HISxtI,0.0
R_HISxtO,0.0
R_U195_,0.0
R_U171_,0.0
R_IRC7,0.0
R_INSxtO,0.0
R_GNA1,0.0
R_CAT2,0.0
R_NAT1,0.0
R_NAT2,0.0
R_U198_,0.0
R_INSxtI,0.0
R_RPE1,5.714285714285712
R_U174_,0.0
R_PLC1,0.0
R_SUL2,0.0
R_U150_,0.0
R_SUL1,0.0
R_NHA1,0.0
R_PRO1,0.0
R_ALP1,0.0
R_GNP1_2,0.0
R_GNP1_3,0.0
R_GNP1_4,0.0
R_PIxtI,1.967244423453151e-15
R_YAT1,-2.5039784308101384e-16
R_GNP1_5,0.0
R_GNP1_6,0.0
R_GNP1_7,0.0
R_GCV1_1,0.0
R_GCV1_2,-1.9889828879872934e-16
R_PAN5,0.0
R_PIxtO,0.0
R_PAN6,0.0
R_GNP1_1,0.0
R_HXK1_4,0.0
R_VPS34,0.0
R_U197_,0.0
R_DCxtI,0.0
R_PAND,0.0
R_YGR012W,0.0
R_U173_,0.0
R_HXK1_1,0.0
R_HXK1_2,0.0
R_DCxtO,0.0
R_HXK1_3,0.0
R_SUR2,0.0
R_SUR1,0.0
R_ARG56_2,8.486771297979983e-16
R_ARG56_1,8.486771297979983e-16
R_ADE8,0.0
R_ICL1,0.0
R_ICL2,3.7454180941788774e-16
R_ADE6,0.0
R_MET13,0.0
R_MET12,0.0
R_GLC3,0.0
R_MET14,0.0
R_MET16,0.0
R_RAM1,0.0
R_TRP2_1,0.0
R_THI80_1,0.0
R_THI80_2,-1.5195795026755971e-15
R_U81_,0.0
R_ERG12_3,0.0
R_ERG12_4,0.0
R_ERG12_1,0.0
R_ERG12_2,0.0
R_MET10,0.0
R_PHA2,0.0
R_U192_,0.0
R_LSC2,4.7705853297707277e-32
R_PYC2,17.142857142857146
R_LSC1,0.0
R_PYC1,0.0
R_ENO1,0.0
R_TRP2_2,0.0
R_LYP1,0.0
R_ENO2,0.0
R_DAxtO,0.0
R_GPM2,0.0
R_U82_,0.0
R_GPM3,0.0
R_ILV5_1,0.0
R_CDA2,0.0
R_PRO3_1,0.0
R_CDA1,0.0
R_PRO3_2,0.0
R_ILV5_3,0.0
R_PTR2_1,0.0
R_ILV5_2,0.0
R_PRO3_3,0.0
R_DAxtI,0.0
R_PTR2_3,0.0
R_PTR2_2,0.0
R_U191_,0.0
R_PRS1,-1.5901951099235758e-32
R_PRS3,0.0
R_PRS2,0.0
R_GET3,0.0
R_GAL1,0.0
R_PUT4_1,0.0
R_PUT4_2,0.0
R_PUT4_3,0.0
R_PUT4_4,0.0
R_ALT2,-17.14285714285714
R_ALT1,0.0
R_SER1_1,0.0
R_SER1_2,0.0
R_PGM2_1,0.0
R_U194_,0.0
R_PGM2_2,0.0
R_PRS5,0.0
R_PRS4,0.0
R_U170_,0.0
R_ALAxtO,0.0
R_HXT16_3,0.0
R_ALAxtI,0.0
R_MVD1,0.0
R_U80_,0.0
R_HXT16_2,0.0
R_YGR125W,0.0
R_HXT16_1,0.0
R_ERG25_1,0.0
R_FOL3,0.0
R_ERG25_2,0.0
R_FOL2,0.0
R_MET22,0.0
R_ADE4,0.0
R_ADE1,2.763555034254961e-16
R_ADE2,-2.763555034254961e-16
R_U193_,0.0
R_HXT1_1,0.0
R_HXT1_2,0.0
R_ECM40_2,8.486771297979983e-16
R_HXT1_3,0.0
R_ECM40_1,0.0
R_PCK1,0.0
R_PGS1,0.0
R_C140xtO,0.0
R_PNP1_10,0.0
R_PNP1_11,0.0
R_U156_,0.0
R_CDS1_2,0.0
R_CDS1_1,0.0
R_MET17_1,0.0
R_U132_,0.0
R_MET17_2,0.0
R_C140xtI,0.0
R_MET17_3,0.0
R_MAL12,0.0
R_ARA1_2,0.0
R_CTT1,0.0
R_ARA1_1,0.0
R_U17_,0.0
R_ERG10_1,0.0
R_SHM1,0.0
R_CYTSxtI,0.0
R_ERG10_2,0.0
R_SHM2,-6.121020633497049e-16
R_CYTSxtO,0.0
R_DUT1,0.0
R_U179_,0.0
R_GROWTH,0.0
R_U155_,0.0
R_ILV3_2,0.0
R_U131_,0.0
R_THRxtI,0.0
R_U18_,0.0
R_ERG5,0.0
R_RFLAVxtI,0.0
R_ERG6,0.0
R_ERG7,0.0
R_ERG8,0.0
R_ERG9,0.0
R_ILV3_1,0.0
R_THRxtO,0.0
R_MANxtO,0.0
R_YEL047C,0.0
R_ERG1,0.0
R_ERG2,0.0
R_ERG3,0.0
R_MANxtI,0.0
R_ERG4,0.0
R_PAPxtO,0.0
R_U158_,0.0
R_U134_,1.6973542595959964e-15
R_1002_,17.142857142857142
R_U110_,4.974510383501212e-16
R_U1_,0.0
R_U15_,0.0
R_PMI40,0.0
R_MAL32,0.0
R_U39_,0.0
R_MSR1,0.0
R_MAL31,0.0
R_RFLAVxtO,0.0
R_RIP1,17.142857142857135
R_YAR075W,0.0
R_NCP1,0.0
R_U157_,0.0
R_U133_,4.974510383501211e-16
R_DUR3,0.0
R_OSM1,0.0
R_MSS4,0.0
R_LPP1,0.0
R_U16_,0.0
R_LYS2_2,0.0
R_MALxtO,0.0
R_LYS2_1,0.0
R_URA8_2,0.0
R_NMA1_2,-1.5901951099235758e-32
R_NMA1_1,0.0
R_CAR2,0.0
R_NIT2_3,0.0
R_URA8_1,0.0
R_CAR1,2.6122448979591804
R_PFK27,0.0
R_NIT2_1,0.0
R_PFK26,0.0
R_NIT2_2,0.0
R_MALxtI,0.0
R_GAL2_1,0.0
R_DINxtI,0.0
R_DINxtO,0.0
R_NMA1_3,0.0
R_U176_,0.0
R_U152_,0.0
R_TAT1_12,0.0
R_TAT1_11,0.0
R_YDR341C,0.0
R_GPD1,0.0
R_PET9,0.0
R_QPT1_2,0.0
R_QPT1_1,0.0
R_GPD2,0.0
R_DUxtI,0.0
R_TAT1_10,0.0
R_STL1_1,0.0
R_GNxtI,0.0
R_MIxtO,0.0
R_FUR1,0.0
R_STL1_3,0.0
R_STL1_2,0.0
R_LYS20_1,0.0
R_CYB2,0.0
R_THI22,0.0
R_PAPxtI,0.0
R_U199_,0.0
R_GNxtO,4.0685408337232695e-31
R_LYS20_2,0.0
R_FUR4,0.0
R_DUxtO,0.0
R_U175_,0.0
R_U151_,0.0
R_THI21,0.0
R_STL1_4,0.0
R_MIxtI,0.0
R_U19_,0.0
R_GLAMxtO,0.0
R_CHA1_2,0.0
R_CHA1_1,0.0
R_GLAMxtI,0.0
R_U178_,0.0
R_U154_,0.0
R_U130_,0.0
R_APT2,0.0
R_KGD1,0.0
R_GAD1,0.0
R_APT1,0.0
R_MSW1,0.0
R_CITxtO,0.0
R_GLTxtI,0.0
R_HOM6_1,5.5698497150154e-16
R_PHO11,0.0
R_U177_,0.0
R_HYR1,0.0
R_U153_,0.0
R_HOM6_2,0.0
R_CITxtI,0.0
R_APA1_2,0.0
R_GLTxtO,0.0
R_APA1_1,0.0
