,fluxes
R_PDE1,0.0
R_AGP3_2,20.0
R_AGP3_1,0.0
R_GUA1,0.0
R_PHO84,-29.999999999999154
R_AGP3_3,20.0
R_MEP3,-252.89361702127502
R_ACALxtO,-10.0
R_GPX1,0.0
R_SOR1,0.0
R_MEP1,0.0
R_MEP2,0.0
R_OGTxtO,0.0
R_ADxtI,0.0
R_ACALxtI,-10.0
R_U116_,0.0
R_POS5_2,0.0
R_U225_,0.0
R_POS5_1,0.0
R_U201_,-79.99999999999982
R_U21_,0.0
R_FRUxtO,-10.0
R_U45_,0.0
R_GPX2,0.0
R_U69_,0.0
R_HXT5_1,0.0
R_HXT5_2,0.0
R_HXT5_3,0.0
R_FRUxtI,-10.0
R_U7_,0.0
R_ECM38,0.0
R_OAC1,0.0
R_ASP1,20.0
R_ECM31,0.0
R_TYRxtO,0.0
R_PSD1,0.0
R_ADE17_1,0.0
R_U139_,0.0
R_HXT11_5,0.0
R_HXT11_4,0.0
R_OGTxtI,0.0
R_U115_,0.0
R_PSD2,0.0
R_ADE17_2,0.0
R_U224_,0.0
R_ADxtO,0.0
R_HXT11_1,0.0
R_ADK2_1,0.0
R_BAT2_3,0.0
R_U200_,0.0
R_ADK2_2,0.0
R_BAT2_2,0.0
R_HXT11_3,0.0
R_PEPTxtO,0.0
R_TSC10,0.0
R_ADK2_3,0.0
R_BAT2_1,0.0
R_HXT11_2,0.0
R_U22_,40.0
R_TYRxtI,0.0
R_U46_,0.0
R_YBR006WUGA2,0.0
R_PEPTxtI,0.0
R_U6_,0.0
R_INO1,0.0
R_CDC21,40.00000000000001
R_U9_,0.0
R_PDC1,0.0
R_CYS4,0.0
R_CYS3,0.0
R_ARGxtI,0.0
R_NDI1,0.0
R_GLxtO,0.0
R_ARGxtO,0.0
R_CSG2,0.0
R_U118_,0.0
R_U227_,20.0
R_KTR6,0.0
R_GSNxtO,-10.0
R_U203_,20.0
R_KTR4,0.0
R_FSP2_1,0.0
R_FSP2_2,0.0
R_DED81,0.0
R_U43_,0.0
R_GSNxtI,-10.0
R_FUCxtI,0.0
R_PDC6,0.0
R_HIS4_1,0.0
R_U67_,0.0
R_HIS4_2,0.0
R_HIS4_3,0.0
R_GLN1,0.0
R_KTR3,0.0
R_KTR2,0.0
R_FUCxtO,0.0
R_PDC5,0.0
R_KTR1,0.0
R_IPP1,0.0
R_U8_,0.0
R_RNR3,0.0
R_ASN1,0.0
R_ASN2,0.0
R_AUR1,0.0
R_BNA4,0.0
R_PSA1,0.0
R_BNA2,0.0
R_GA6PxtO,-10.0
R_GPM1_2,695.8404255319148
R_BNA1,0.0
R_GPM1_1,0.0
R_ECM17,0.0
R_GAL2_2,0.0
R_TKL1_1,144.15957446808505
R_U117_,0.0
R_U226_,0.0
R_U202_,0.0
R_GLxtI,0.0
R_GA6PxtI,-10.0
R_CHS3,0.0
R_U20_,0.0
R_CHS2,0.0
R_TKL1_2,144.15957446808505
R_CHS1,0.0
R_U44_,20.0
R_FMT1,0.0
R_FOX2,0.0
R_ADE12,0.0
R_U68_,0.0
R_GLO2,0.0
R_INM1,0.0
R_GLO1,0.0
R_YHL012W,0.0
R_GLO4,0.0
R_HOR2,0.0
R_FCY22_1,0.0
R_HXT3_1,0.0
R_FCY22_3,0.0
R_HXT3_2,0.0
R_FCY22_2,0.0
R_MET7,0.0
R_PYRD,0.0
R_GLT1,20.00000000000001
R_MET3,0.0
R_MET6,0.0
R_MET1,0.0
R_MET2,-3.46166429085423e-15
R_FAA1,0.0
R_FAA2,0.0
R_FAA3,0.0
R_FAA4,0.0
R_U136_,0.0
R_U112_,0.0
R_U221_,20.0
R_U3_,0.0
R_U25_,30.0
R_HXT3_3,0.0
R_U49_,0.0
R_UGA1,0.0
R_QNS1_1,0.0
R_QNS1_2,0.0
R_HYXNxtI,0.0
R_URAxtO,0.0
R_LCB5_2,0.0
R_HMT1,0.0
R_LCB5_1,0.0
R_HYXNxtO,79.99999999999982
R_URAxtI,0.0
R_VALxtI,0.0
R_U159_,0.0
R_U135_,0.0
R_YOR071CNRT1,0.0
R_U111_,0.0
R_VALxtO,0.0
R_U220_,-40.0
R_U2_,0.0
R_U26_,0.0
R_FAB1,0.0
R_YGR037C_YNR016C_YKL182W_YPL231W_3,0.0
R_YGR037C_YNR016C_YKL182W_YPL231W_4,0.0
R_YGR037C_YNR016C_YKL182W_YPL231W_1,0.0
R_YGR037C_YNR016C_YKL182W_YPL231W_2,0.0
R_PHO8,0.0
R_BPH1,3.264696226182644e-15
R_YGR037C_YNR016C_YKL182W_YPL231W_7,0.0
R_YGR037C_YNR016C_YKL182W_YPL231W_8,0.0
R_TPS3,0.0
R_YGR037C_YNR016C_YKL182W_YPL231W_5,0.0
R_PFK2,275.84042553191495
R_TPS2,0.0
R_YGR037C_YNR016C_YKL182W_YPL231W_6,0.0
R_TPS1,0.0
R_U138_,0.0
R_LEUxtO,0.0
R_U114_,40.00000000000001
R_U223_,-20.0
R_CDC19,695.8404255319148
R_GLR1,0.0
R_U23_,0.0
R_FKS1,0.0
R_YGR037C_YNR016C_YKL182W_YPL231W_9,0.0
R_IPT1,0.0
R_U47_,0.0
R_FKS3,0.0
R_U5_,0.0
R_DTTPxtO,10.000000000000014
R_RMNxtI,0.0
R_BET2,0.0
R_LEUxtI,0.0
R_DTTPxtI,0.0
R_RMNxtO,0.0
R_U113_,0.0
R_U222_,0.0
R_IDP3_1,20.0
R_KRS1,0.0
R_U24_,0.0
R_IDP3_2,0.0
R_U4_,0.0
R_U48_,20.000000000000004
R_CDC8,10.000000000000007
R_BNA5_1,0.0
R_AAT2_2,0.0
R_AAT2_1,-35.97872340425513
R_GCV2,0.0
R_U209_,0.0
R_FMN1_1,0.0
R_FMN1_2,0.0
R_ASPxtI,-10.0
R_TAL1,144.15957446808505
R_URA2_2,0.0
R_ITR2,0.0
R_URA2_1,0.0
R_U61_,0.0
R_LYS1,0.0
R_HEM14,0.0
R_U85_,0.0
R_HEM15,0.0
R_HMG1,0.0
R_HEM12,0.0
R_HMG2,0.0
R_LYS4,0.0
R_HEM13,0.0
R_HXT9_1,0.0
R_HXT9_2,0.0
R_JEN1_2,20.000000000000004
R_HXT9_3,0.0
R_JEN1_1,20.0
R_HXT9_4,0.0
R_ITR1,0.0
R_TPI1,275.8404255319152
R_NPT1_1,0.0
R_NPT1_2,0.0
R_YJL216C,0.0
R_VGRO,0.0
R_LYS9,0.0
R_U208_,0.0
R_ERR1_1,695.8404255319148
R_ERR1_2,0.0
R_ADE13_1,0.0
R_U62_,0.0
R_U86_,0.0
R_ADE13_2,0.0
R_AAH1_1,0.0
R_AAH1_2,0.0
R_BNA5_2,0.0
R_AAH1_3,59.99999999999982
R_YPL275W,0.0
R_AMD1_1,0.0
R_DUR12_2,6.446808510637606
R_AMD1_2,19.999999999999815
R_KRE2,0.0
R_DUR12_1,6.446808510637606
R_BIO2,-19.999999999999996
R_THR4_1,4.0212765957448795
R_THR4_2,0.0
R_U83_,0.0
R_ADH4,-44.02127659574495
R_ADH5,0.0
R_ADH2,0.0
R_ADH3,0.0
R_EPT1,0.0
R_BIO5,20.0
R_BIO4,-20.0
R_TRK1,0.0
R_ADH1,0.0
R_BIO3,0.0
R_URK1_1,0.0
R_MELIxtI,-10.0
R_URK1_2,0.0
R_CHO1_1,0.0
R_URK1_3,0.0
R_PPT2,0.0
R_CHO1_2,0.0
R_MTD1,0.0
R_XKS1,0.0
R_ASPxtO,-10.0
R_U60_,0.0
R_U84_,0.0
R_IDP1_2,0.0
R_MELIxtO,-10.0
R_IDP1_1,0.0
R_BGL2,0.0
R_THI6_1,0.0
R_AGP1_4,20.000000000000004
R_YGR287C,0.0
R_THI6_2,0.0
R_AGP1_3,20.0
R_AGP1_6,0.0
R_AGP1_5,0.0
R_AGP1_8,0.0
R_AGP1_7,0.0
R_AGP1_9,0.0
R_BAP2_2,0.0
R_BAP2_1,0.0
R_BAP2_4,0.0
R_BAP2_3,0.0
R_BAP2_6,0.0
R_BAP2_5,0.0
R_AGP1_2,20.0
R_BAP2_8,0.0
R_U229_,0.0
R_AGP1_1,0.0
R_BAP2_7,0.0
R_PYK2,0.0
R_DEG1,0.0
R_U205_,-312.8936170212763
R_U41_,0.0
R_SORxtI,0.0
R_U65_,0.0
R_HXT7_3,0.0
R_SUCCxtO,312.8936170212763
R_SORxtO,0.0
R_U89_,0.0
R_SUCxtI,-10.0
R_PDA1,0.0
R_CYTDxtO,-10.0
R_HXT7_1,0.0
R_HXT7_2,0.0
R_SUCxtO,-10.0
R_PGI1_1,0.0
R_PGI1_2,-92.47872340425538
R_MAE1,40.00000000000001
R_SUCCxtI,0.0
R_TRR2,0.0
R_CYR1,0.0
R_TRR1,0.0
R_YBR284W,0.0
R_GABAxtI,0.0
R_ORNxtI,0.0
R_ADE3_2,20.0
R_ADE3_1,-19.99999999999999
R_SAMxtO,-10.0
R_ADE3_3,-19.99999999999999
R_U119_,0.0
R_U228_,-144.02127659574415
R_GABAxtO,0.0
R_O2xtI,-10.0
R_U204_,-44.02127659574495
R_GFA1,0.0
R_U42_,0.0
R_U66_,0.0
R_NH3xtI,-9.99
R_MIS1_1,0.0
R_DFR1_1,40.00000000000001
R_MIS1_2,0.0
R_DFR1_2,0.0
R_MIS1_3,0.0
R_ORNxtO,0.0
R_NH3xtO,262.883617021275
R_SOL2,0.0
R_SOL1,0.0
R_XANxtI,0.0
R_NDE1,20.0
R_MIR1,40.00000000000001
R_FUM1_2,-292.8936170212763
R_FUM1_1,0.0
R_U207_,20.0
R_XANxtO,0.0
R_YKL192C_YER061C_YOR221C_YKL055C_6,0.0
R_HOM3,4.021276595744873
R_SAMxtI,-10.0
R_YKL192C_YER061C_YOR221C_YKL055C_5,0.0
R_ALD5_1,0.0
R_YKL192C_YER061C_YOR221C_YKL055C_8,0.0
R_YKL192C_YER061C_YOR221C_YKL055C_7,0.0
R_HOM2,4.021276595744874
R_THYxtO,40.0
R_YKL192C_YER061C_YOR221C_YKL055C_9,0.0
R_U63_,0.0
R_ALD5_2,0.0
R_U87_,0.0
R_BMxtI,0.0
R_BMxtO,0.0
R_NDE2,0.0
R_YKL192C_YER061C_YOR221C_YKL055C_2,0.0
R_PpMdIC,540.9361702127659
R_YKL192C_YER061C_YOR221C_YKL055C_1,0.0
R_THYxtI,0.0
R_PGI1_3,-92.47872340425538
R_SOL4,0.0
R_YPL276W,0.0
R_YKL192C_YER061C_YOR221C_YKL055C_4,0.0
R_DIM1,0.0
R_SOL3,272.4787234042554
R_YKL192C_YER061C_YOR221C_YKL055C_3,0.0
R_TRP4,0.0
R_TRP1,0.0
R_CYTDxtI,-10.0
R_MLTxtO,-10.0
R_TAT1_2,0.0
R_TAT1_3,0.0
R_FCY2_1,0.0
R_MLTxtI,-10.0
R_FCY2_2,0.0
R_TAT1_1,0.0
R_FCY2_3,0.0
R_TAT1_6,0.0
R_TAT1_7,0.0
R_COX10,0.0
R_TAT1_4,0.0
R_TAT1_5,0.0
R_U206_,20.0
R_CHO2,0.0
R_TAT1_8,0.0
R_TAT1_9,0.0
R_U40_,0.0
R_U64_,0.0
R_U88_,0.0
R_FBP26,0.0
R_TRP5,0.0
R_ORT1,0.0
R_ARO1_2,0.0
R_ARO1_1,0.0
R_ARO1_5,0.0
R_ARO1_4,0.0
R_RMA1,0.0
R_ARO1_3,0.0
R_U184_,0.0
R_THR1,4.0212765957448795
R_GUS1,0.0
R_ERG26_2,0.0
R_ERG26_1,0.0
R_SPE4,0.0
R_SPE3,0.0
R_SPE2,0.0
R_SPE1,0.0
R_U183_,0.0
R_URH1_1,0.0
R_GLUxtI,0.0
R_ATNxtO,-10.0
R_HEM2,0.0
R_URH1_2,0.0
R_HEM1,0.0
R_RIB7_1,0.0
R_ASNxtI,-10.0
R_RIB7_2,0.0
R_O2xtO,-10.0
R_HEM4,0.0
R_U186_,0.0
R_HEM3,0.0
R_U162_,0.0
R_IDH1,0.0
R_GLUxtO,60.0
R_TDH3,695.8404255319147
R_TDH2,0.0
R_TDH1,0.0
R_PDE2_3,0.0
R_PDE2_4,0.0
R_URA5,0.0
R_DPP1,0.0
R_PDE2_1,0.0
R_PDE2_2,0.0
R_URA3,0.0
R_XPT1,0.0
R_PDE2_5,0.0
R_COQ6,0.0
R_U185_,0.0
R_CKI1,0.0
R_IDI1,0.0
R_COQ5,0.0
R_U161_,0.0
R_COQ3,0.0
R_COQ2,0.0
R_AUS1_2,0.0
R_TYR1,0.0
R_COQ1,0.0
R_AUS1_1,0.0
R_SER3,0.0
R_UGP1,0.0
R_CHOxtI,0.0
R_U93_,0.0
R_CHOxtO,0.0
R_PIC2,0.0
R_HPT1_2,0.0
R_U180_,0.0
R_HPT1_1,0.0
R_MLS1,0.0
R_GAL7_2,39.99999999999999
R_GAL7_1,-2.3904786171149874e-15
R_BTxtI,-10.0
R_ADNxtO,-10.0
R_HXT17_3,0.0
R_HXT17_2,0.0
R_U70_,0.0
R_ADNxtI,-10.0
R_BTxtO,-10.0
R_HXT17_1,0.0
R_EKI1,0.0
R_U94_,0.0
R_ADE57_2,0.0
R_ADE57_1,0.0
R_ASNxtO,-10.0
R_TSL1,0.0
R_OPI3_1,0.0
R_OPI3_2,0.0
R_MNTxtO,0.0
R_SAH1,20.0
R_LYS21,0.0
R_U90_,0.0
R_MNTxtI,0.0
R_PCM1_2,0.0
R_GUT2,312.8936170212763
R_U91_,0.0
R_PCM1_1,0.0
R_GUT1,0.0
R_DIPEPxtO,0.0
R_TPN1_3,0.0
R_U182_,0.0
R_DIPEPxtI,0.0
R_HER2,0.0
R_PFK1_1,0.0
R_ILExtI,0.0
R_PFK1_3,0.0
R_TPN1_2,0.0
R_ILExtO,0.0
R_PFK1_2,0.0
R_TPN1_1,0.0
R_LYS12,0.0
R_SER2,0.0
R_U92_,0.0
R_MTHNxtO,0.0
R_LCB1,0.0
R_PRO2_1,0.0
R_PRO2_2,0.0
R_ACC1,0.0
R_U181_,0.0
R_LCB3,0.0
R_MTHNxtI,0.0
R_LCB2,0.0
R_THI7,0.0
R_CaMCRN,540.9361702127659
R_GLACxtI,-10.0
R_GLACxtO,-10.0
R_ILV2_1,0.0
R_ILV2_2,0.0
R_DPH5,0.0
R_PROxtO,0.0
R_PROxtI,0.0
R_U168_,20.0
R_U144_,0.0
R_NQM1,0.0
R_DAK1,0.0
R_U120_,0.0
R_DAK2,0.0
R_PGM1_1,120.00000000000003
R_GDH1,0.0
R_PGM1_2,40.0
R_GDH3,0.0
R_CAN1_2,0.0
R_GDH2,15.978723404255144
R_CAN1_1,0.0
R_U29_,0.0
R_GLY1,24.021276595744876
R_HIP1,0.0
R_DAL1,20.0
R_FOL1_1,0.0
R_RIBxtI,-10.0
R_FOL1_2,0.0
R_FOL1_3,0.0
R_FOL1_4,0.0
R_HXT15_1,0.0
R_HXT15_3,0.0
R_HXT15_2,0.0
R_U167_,20.0
R_U143_,0.0
R_RIBxtO,-10.0
R_DAL2,19.999999999999996
R_FEN2,0.0
R_DAL3,19.999999999999996
R_DAL4,20.0
R_DAL5,0.0
R_DAL7,0.0
R_YNK1_4,0.0
R_YNK1_3,0.0
R_GSC2,0.0
R_HXT2_1,0.0
R_YNK1_6,10.000000000000009
R_HXT2_2,0.0
R_YNK1_5,0.0
R_HXT2_3,0.0
R_FUI1_2,20.0
R_FUI1_1,0.0
R_YNK1_2,0.0
R_YNK1_1,-2.3904786171149874e-15
R_FUI1_3,0.0
R_ETHxtI,0.0
R_CYSxtO,20.000000000000004
R_U146_,40.00000000000001
R_U122_,0.0
R_ETHxtO,44.02127659574495
R_YUR1,0.0
R_U27_,0.0
R_GLK1_1,140.00000000000003
R_GLK1_2,20.000000000000004
R_GLK1_3,0.0
R_YLR100C_2,0.0
R_YLR100C_1,0.0
R_YJL068C,0.0
R_CYSxtI,0.0
R_TRP3_1,0.0
R_TRP3_2,0.0
R_TRP3_3,0.0
R_U145_,0.0
R_U121_,0.0
R_CTP1_1,0.0
R_CTP1_3,20.0
R_AGP1_13,20.0
R_CTP1_2,0.0
R_AGP1_12,0.0
R_YNK1_8,0.0
R_AGP1_11,0.0
R_YNK1_7,0.0
R_FAD1,0.0
R_AGP1_10,0.0
R_U28_,0.0
R_YNK1_9,0.0
R_ILV1,0.0
R_ABZ1,0.0
R_HIS2,0.0
R_HIS1,0.0
R_HIS3,0.0
R_DLD1,20.0
R_YJR105WADO1,0.0
R_FORxtI,-10.0
R_FORxtO,-10.0
R_DPM1,0.0
R_U188_,0.0
R_HIS6,0.0
R_U164_,20.0
R_HIS5,0.0
R_U140_,0.0
R_HIS7,0.0
R_PUS2,0.0
R_PUS1,0.0
R_PUS4,0.0
R_PUT1,0.0
R_GLALxtO,0.0
R_PDX3_5,0.0
R_PDX3_4,0.0
R_PDX3_3,0.0
R_GLALxtI,0.0
R_HXK2_3,0.0
R_HXT13_3,0.0
R_HXK2_4,40.0
R_YGL205W_YKR009C_YIL160C_1,0.0
R_HXT13_2,0.0
R_PDX3_2,0.0
R_PDX3_1,0.0
R_YGL205W_YKR009C_YIL160C_2,0.0
R_HXT13_1,0.0
R_YGL205W_YKR009C_YIL160C_3,0.0
R_U187_,0.0
R_U163_,0.0
R_PUT2,0.0
R_HXK2_1,0.0
R_HXK2_2,0.0
R_ATNxtI,-10.0
R_HXT14,0.0
R_SPRMxtO,0.0
R_SPRMxtI,0.0
R_ERG20_2,0.0
R_ERG20_1,0.0
R_URA7_1,0.0
R_AONAxtO,0.0
R_URA7_2,0.0
R_DTxtI,0.0
R_U166_,0.0
R_PMA2,0.0
R_PMA1,0.0
R_DTxtO,-10.0
R_U142_,0.0
R_YSR3,0.0
R_GSH2,0.0
R_GSH1,0.0
R_RHR2,0.0
R_ERGOxtI,0.0
R_BAT1_1,0.0
R_U189_,0.0
R_ERGOxtO,0.0
R_DPL1,0.0
R_AONAxtI,0.0
R_BAT1_2,0.0
R_U165_,0.0
R_QRI1,0.0
R_U141_,0.0
R_GAP1_19,0.0
R_GAP1_18,0.0
R_GAP1_17,0.0
R_CO2xtI,0.0
R_GAP1_16,0.0
R_GAP1_15,0.0
R_GAP1_14,0.0
R_ARABxtO,0.0
R_GAP1_13,0.0
R_SERxtO,-10.0
R_PGK1,695.8404255319148
R_GAP1_12,0.0
R_SFA1_2,0.0
R_GAP1_11,0.0
R_SFA1_1,0.0
R_GAP1_10,0.0
R_AGX1,19.999999999999996
R_CO2xtO,144.02127659574415
R_U128_,0.0
R_U104_,0.0
R_U213_,20.0
R_MUP3,0.0
R_ACP1,0.0
R_U33_,0.0
R_ARO9_2,0.0
R_ARO9_1,0.0
R_U57_,0.0
R_MUP1,0.0
R_ARABxtI,0.0
R_SLM5,0.0
R_DYS1,0.0
R_U127_,0.0
R_C160xtI,0.0
R_U103_,0.0
R_C160xtO,0.0
R_TKL2_2,0.0
R_TKL2_1,0.0
R_U10_,0.0
R_MUQ1,0.0
R_U34_,2.3904786171149878e-15
R_U58_,0.0
R_SERxtI,-10.0
R_FCY21_2,0.0
R_FCY21_1,0.0
R_FCY21_3,-20.0
R_SPR1,0.0
R_NAxtI,-9.99
R_MHT1,20.0
R_CPA2,0.0
R_U106_,0.0
R_U215_,0.0
R_CIT3,0.0
R_CIT2,0.0
R_U31_,0.0
R_NAxtO,9.99
R_CIT1,0.0
R_U55_,0.0
R_PNP1_1,-40.0
R_YJL070C,0.0
R_U79_,0.0
R_PNP1_2,40.0
R_HXT6_1,0.0
R_AKGxtO,-10.0
R_HXT6_2,0.0
R_HXT6_3,0.0
R_PNP1_7,-40.00000000000001
R_PNP1_8,-20.0
R_PNP1_9,0.0
R_AKGxtI,-10.0
R_PNP1_3,0.0
R_PNP1_4,0.0
R_PNP1_5,0.0
R_ATP1,37.5
R_PNP1_6,-19.999999999999996
R_GAP1_21,0.0
R_YEF1_1,0.0
R_GAP1_20,0.0
R_YEF1_2,0.0
R_URA4_,0.0
R_U129_,0.0
R_PYRxtI,-10.0
R_U105_,0.0
R_PNC1_2,0.0
R_U214_,1.0
R_ACO2,20.0
R_CEM1,0.0
R_HXT10_2,0.0
R_MSK1,0.0
R_PNC1_1,0.0
R_HXT10_1,0.0
R_HXT10_4,0.0
R_PYRxtO,-10.0
R_ACO1,0.0
R_U32_,0.0
R_HXT10_3,0.0
R_U56_,0.0
R_GUK1_1,0.0
R_GUK1_3,0.0
R_GUK1_2,0.0
R_FAS1_3,0.0
R_ASP34,0.0
R_FAS1_4,0.0
R_FAS1_1,0.0
R_ASP32,0.0
R_DGxtI,0.0
R_FAS1_2,0.0
R_ASP33,0.0
R_PIS1,0.0
R_CDD1_2,0.0
R_CDD1_1,20.0
R_PPA2,0.0
R_U124_,0.0
R_FUMxtO,-10.0
R_U100_,0.0
R_URA10,0.0
R_ASP31,0.0
R_U13_,0.0
R_U37_,0.0
R_FLX1,0.0
R_PAD1,0.0
R_DIC1_3,0.0
R_DIC1_2,40.00000000000001
R_SLFxtI,0.0
R_DIC1_1,0.0
R_SLFxtO,0.0
R_SUC2,20.0
R_ACxtI,0.0
R_U147_,0.0
R_U123_,0.0
R_U14_,0.0
R_FDH1,0.0
R_U38_,0.0
R_ARO7,0.0
R_ARO8,0.0
R_HXT4_1,0.0
R_ARO3,0.0
R_ARO4,0.0
R_PHExtI,0.0
R_ARO2,0.0
R_LEU2,0.0
R_ACxtO,-3.264696226182644e-15
R_METxtO,19.999999999999996
R_LEU4,0.0
R_FBA1,275.84042553191495
R_U126_,0.0
R_U102_,0.0
R_U211_,0.0
R_YBR184W_5,0.0
R_U11_,0.0
R_PHExtO,0.0
R_YBR184W_6,0.0
R_YBR184W_7,0.0
R_U35_,0.0
R_YBR184W_1,20.0
R_U59_,0.0
R_UTR1_2,0.0
R_HXT4_2,0.0
R_YBR184W_2,0.0
R_HXT4_3,0.0
R_YBR184W_3,0.0
R_HXT4_4,0.0
R_YBR184W_4,0.0
R_UTR1_1,0.0
R_ALD2,0.0
R_SFC1,0.0
R_ALD3,0.0
R_SEC59,0.0
R_LCB4_2,0.0
R_TOR2,0.0
R_LCB4_1,0.0
R_ACS2,20.0
R_TOR1,0.0
R_FUMxtI,-10.0
R_ACS1,0.0
R_ALD6,0.0
R_SEC53,0.0
R_U149_,0.0
R_U125_,0.0
R_ADK1_1,1.9261707734477597e-13
R_ADK1_2,0.0
R_U101_,-6.369453851674747e-14
R_ADK1_3,0.0
R_METxtI,0.0
R_DGxtO,0.0
R_U12_,0.0
R_U36_,0.0
R_SER33,0.0
R_STT4,0.0
R_ERG24,0.0
R_DCD1_1,0.0
R_DCD1_2,0.0
R_YML082W,0.0
R_FCY1,0.0
R_APA2,0.0
R_VHT1,0.0
R_AGP2,0.0
R_IMD1,0.0
R_U73_,0.0
R_IMD2,0.0
R_U97_,0.0
R_TRPxtI,0.0
R_FPS1,0.0
R_ACH1,0.0
R_TRPxtO,0.0
R_PMP2,0.0
R_KxtI,0.0
R_POT1,0.0
R_PMP1,0.0
R_ZWF1,272.4787234042554
R_DIP5_3,0.0
R_SDH3_1,0.0
R_DIP5_2,0.0
R_IMD3,0.0
R_DIP5_1,0.0
R_IMD4,0.0
R_DIP5_7,0.0
R_DIP5_6,0.0
R_SDH3_2,0.0
R_DIP5_5,20.0
R_SCS7,0.0
R_DIP5_4,0.0
R_RNR1_3,0.0
R_RNR1_4,0.0
R_U50_,0.0
R_MSE1,0.0
R_RNR1_1,0.0
R_RNR1_2,0.0
R_U74_,0.0
R_U98_,0.0
R_IDP2_2,20.0
R_IDP2_1,0.0
R_RIB5,0.0
R_KxtO,0.0
R_RIB1,0.0
R_CTA1,0.0
R_AAT1_1,0.0
R_AAT1_2,0.0
R_SAM1,0.0
R_URA1_1,0.0
R_U71_,0.0
R_U95_,0.0
R_COX1,20.0
R_HTS1,0.0
R_U190_,0.0
R_ERG13,0.0
R_ERG11,0.0
R_THMxtI,0.0
R_NMT1,0.0
R_THMxtO,0.0
R_SAM4,0.0
R_SAM2,0.0
R_ATH1,0.0
R_SAM3,20.0
R_U72_,0.0
R_RBK1_2,0.0
R_LYSxtO,0.0
R_U96_,0.0
R_RBK1_1,20.0
R_SLC1,0.0
R_LYSxtI,0.0
R_AAC3,37.5
R_AAC1,0.0
R_RKI1,-15.840425531914722
R_LEU1_1,0.0
R_PIK1,0.0
R_LEU1_2,0.0
R_AMD2_1,0.0
R_AMD2_2,0.0
R_UREAxtI,0.0
R_AMD2_3,0.0
R_SRT1,0.0
R_UGA4_2,0.0
R_UGA4_1,0.0
R_NMNxtI,0.0
R_UREAxtO,13.553191489362392
R_CRC1,0.0
R_U108_,0.0
R_U217_,0.0
R_ALD4_1,0.0
R_ALD4_2,0.0
R_U53_,0.0
R_U77_,0.0
R_GLCxtI,-10.0
R_CAB1,0.0
R_HNM1,0.0
R_NMNxtO,0.0
R_PMT6,0.0
R_PMT3,0.0
R_PMT2,0.0
R_GLCxtO,-10.0
R_PMT5,0.0
R_THI20_2,0.0
R_PMT4,0.0
R_THI20_1,0.0
R_YOR192CTHI72,0.0
R_TAT2_1,0.0
R_PIMExtO,0.0
R_TAT2_2,0.0
R_PMT1,0.0
R_TAT2_5,0.0
R_TAT2_6,0.0
R_CRD1,0.0
R_TAT2_3,0.0
R_U107_,0.0
R_TAT2_4,0.0
R_NTH1,0.0
R_GAP1_8,0.0
R_U216_,20.0
R_NTH2,20.0
R_GAP1_7,0.0
R_3HPxtO,540.936170212766
R_PIMExtI,0.0
R_GAP1_9,0.0
R_U30_,0.0
R_U54_,0.0
R_U78_,0.0
R_GLNxtO,-10.0
R_GLNxtI,-10.0
R_MDH1,0.0
R_BAP3_8,0.0
R_MDH2,-312.8936170212763
R_EXG1,0.0
R_MDH3,0.0
R_EXG2,0.0
R_GAL10,39.99999999999999
R_LACxtO,-10.0
R_BAP3_1,0.0
R_ARG8,0.0
R_GAP1_2,0.0
R_BAP3_3,0.0
R_GAP1_1,0.0
R_BAP3_2,0.0
R_ARG3,0.0
R_GAP1_4,0.0
R_BAP3_5,0.0
R_URIxtI,-10.0
R_ARG4,0.0
R_GAP1_3,0.0
R_BAP3_4,0.0
R_U219_,-10.00000000000001
R_ARG1,0.0
R_GAP1_6,0.0
R_BAP3_7,0.0
R_GAP1_5,0.0
R_BAP3_6,0.0
R_ZYMSTxtO,0.0
R_U51_,0.0
R_ZYMSTxtI,0.0
R_U75_,0.0
R_URIxtO,-10.0
R_GLYxtI,-10.0
R_U99_,0.0
R_HXT8_2,0.0
R_LACxtI,-10.0
R_HXT8_3,0.0
R_C180xtI,0.0
R_GLYxtO,-10.0
R_HXT8_1,0.0
R_C180xtO,0.0
R_OPEPxtO,0.0
R_OPEPxtI,0.0
R_U109_,20.0
R_U218_,20.0
R_ADE16_2,0.0
R_ADE16_1,0.0
R_U52_,0.0
R_TRExtO,-10.0
R_U76_,0.0
R_GSY1,0.0
R_GSY2,0.0
R_ODC2,0.0
R_ODC1,0.0
R_TRExtI,-10.0
R_PNTOxtO,0.0
R_APA1_3,0.0
R_MMP1,0.0
R_DANNAxtI,0.0
R_DANNAxtO,20.0
R_PNTOxtI,0.0
R_URA6_2,-2.3904786171149878e-15
R_URA6_3,0.0
R_SDL1,0.0
R_URA6_1,0.0
R_PCT1,0.0
R_CPT1,0.0
R_ERR2,0.0
R_GPH1,0.0
R_U196_,0.0
R_YIL172C,0.0
R_U172_,0.0
R_FBP1,0.0
R_MMETxtO,0.0
R_MMETxtI,0.0
R_GND1,272.4787234042554
R_GND2,0.0
R_RER2,0.0
R_HISxtI,0.0
R_HISxtO,0.0
R_U195_,0.0
R_U171_,0.0
R_IRC7,0.0
R_INSxtO,-10.0
R_GNA1,0.0
R_CAT2,0.0
R_NAT1,0.0
R_NAT2,0.0
R_U198_,0.0
R_INSxtI,-10.0
R_RPE1,288.3191489361701
R_U174_,0.0
R_PLC1,0.0
R_SUL2,0.0
R_U150_,0.0
R_SUL1,0.0
R_NHA1,0.0
R_PRO1,0.0
R_ALP1,0.0
R_GNP1_2,-20.000000000000004
R_GNP1_3,0.0
R_GNP1_4,0.0
R_PIxtI,0.0
R_YAT1,0.0
R_GNP1_5,-19.999999999999996
R_GNP1_6,0.0
R_GNP1_7,0.0
R_GCV1_1,0.0
R_GCV1_2,42.01063829787244
R_PAN5,0.0
R_PIxtO,29.999999999999154
R_PAN6,0.0
R_GNP1_1,0.0
R_HXK1_4,0.0
R_VPS34,0.0
R_U197_,0.0
R_DCxtI,0.0
R_YGR012W,20.000000000000004
R_U173_,0.0
R_HXK1_1,0.0
R_HXK1_2,0.0
R_DCxtO,0.0
R_HXK1_3,0.0
R_SUR2,0.0
R_SUR1,0.0
R_ARG56_2,0.0
R_ARG56_1,0.0
R_ADE8,0.0
R_ICL1,0.0
R_ICL2,0.0
R_ADE6,0.0
R_MET13,0.0
R_MET12,0.0
R_GLC3,0.0
R_MET14,0.0
R_MET16,0.0
R_RAM1,0.0
R_TRP2_1,0.0
R_THI80_1,0.0
R_THI80_2,0.0
R_U81_,0.0
R_ERG12_3,0.0
R_ERG12_4,0.0
R_ERG12_1,0.0
R_ERG12_2,0.0
R_MET10,0.0
R_PHA2,0.0
R_U192_,0.0
R_LSC2,0.0
R_PYC2,817.8510638297871
R_LSC1,0.0
R_PYC1,0.0
R_ENO1,0.0
R_TRP2_2,0.0
R_LYP1,0.0
R_ENO2,0.0
R_DAxtO,0.0
R_GPM2,0.0
R_U82_,0.0
R_GPM3,0.0
R_ILV5_1,0.0
R_CDA2,0.0
R_PRO3_1,0.0
R_CDA1,0.0
R_PRO3_2,0.0
R_ILV5_3,0.0
R_PTR2_1,0.0
R_ILV5_2,0.0
R_PRO3_3,0.0
R_DAxtI,0.0
R_PTR2_3,0.0
R_PTR2_2,0.0
R_U191_,20.0
R_PRS1,0.0
R_PRS3,0.0
R_PRS2,0.0
R_GET3,0.0
R_GAL1,40.0
R_PUT4_1,0.0
R_PUT4_2,0.0
R_PUT4_3,0.0
R_PUT4_4,0.0
R_ALT2,-3.4209289790431495e-15
R_ALT1,0.0
R_SER1_1,0.0
R_SER1_2,0.0
R_PGM2_1,0.0
R_U194_,0.0
R_PGM2_2,0.0
R_PRS5,0.0
R_PRS4,0.0
R_U170_,0.0
R_ALAxtO,-10.0
R_HXT16_3,0.0
R_ALAxtI,-10.0
R_MVD1,0.0
R_U80_,0.0
R_HXT16_2,0.0
R_YGR125W,0.0
R_HXT16_1,0.0
R_ERG25_1,0.0
R_FOL3,0.0
R_ERG25_2,0.0
R_FOL2,0.0
R_MET22,20.0
R_ADE4,0.0
R_ADE1,0.0
R_ADE2,0.0
R_U193_,0.0
R_HXT1_1,0.0
R_HXT1_2,39.99999999999999
R_ECM40_2,0.0
R_HXT1_3,20.0
R_ECM40_1,0.0
R_PCK1,0.0
R_PGS1,0.0
R_C140xtO,0.0
R_PNP1_10,0.0
R_PNP1_11,0.0
R_U156_,0.0
R_CDS1_2,0.0
R_CDS1_1,0.0
R_MET17_1,0.0
R_U132_,20.0
R_MET17_2,0.0
R_C140xtI,0.0
R_MET17_3,-3.4616642908542294e-15
R_MAL12,0.0
R_ARA1_2,0.0
R_CTT1,0.0
R_ARA1_1,0.0
R_U17_,0.0
R_ERG10_1,0.0
R_SHM1,0.0
R_CYTSxtI,0.0
R_ERG10_2,0.0
R_SHM2,-22.010638297872433
R_CYTSxtO,0.0
R_DUT1,0.0
R_U179_,10.0
R_GROWTH,0.0
R_U155_,0.0
R_ILV3_2,0.0
R_U131_,0.0
R_THRxtI,-10.0
R_U18_,0.0
R_ERG5,0.0
R_RFLAVxtI,0.0
R_ERG6,0.0
R_ERG7,0.0
R_ERG8,0.0
R_ERG9,0.0
R_ILV3_1,0.0
R_THRxtO,-10.0
R_MANxtO,-10.0
R_YEL047C,312.8936170212763
R_ERG1,0.0
R_ERG2,0.0
R_ERG3,0.0
R_MANxtI,-10.0
R_ERG4,0.0
R_PAPxtO,-10.0
R_U158_,0.0
R_U134_,0.0
R_1002_,540.936170212766
R_U110_,-40.00000000000001
R_U1_,0.0
R_U15_,40.0
R_PMI40,20.000000000000004
R_MAL32,20.0
R_U39_,0.0
R_MSR1,0.0
R_MAL31,20.0
R_RFLAVxtO,0.0
R_RIP1,20.0
R_YAR075W,0.0
R_NCP1,0.0
R_U157_,0.0
R_U133_,-60.00000000000001
R_DUR3,-13.553191489362392
R_OSM1,0.0
R_MSS4,0.0
R_LPP1,0.0
R_U16_,0.0
R_LYS2_2,0.0
R_MALxtO,-10.0
R_LYS2_1,0.0
R_URA8_2,0.0
R_NMA1_2,0.0
R_NMA1_1,0.0
R_CAR2,0.0
R_NIT2_3,0.0
R_URA8_1,0.0
R_CAR1,0.0
R_PFK27,0.0
R_NIT2_1,0.0
R_PFK26,0.0
R_NIT2_2,0.0
R_MALxtI,-10.0
R_GAL2_1,0.0
R_DINxtI,0.0
R_DINxtO,0.0
R_NMA1_3,0.0
R_U176_,20.0
R_U152_,0.0
R_TAT1_12,0.0
R_TAT1_11,0.0
R_YDR341C,0.0
R_GPD1,0.0
R_PET9,0.0
R_QPT1_2,0.0
R_QPT1_1,0.0
R_GPD2,312.89361702127604
R_DUxtI,0.0
R_TAT1_10,0.0
R_STL1_1,39.99999999999999
R_GNxtI,0.0
R_MIxtO,0.0
R_FUR1,0.0
R_STL1_3,0.0
R_STL1_2,20.0
R_LYS20_1,0.0
R_CYB2,0.0
R_THI22,0.0
R_PAPxtI,-10.0
R_U199_,0.0
R_GNxtO,20.0
R_LYS20_2,0.0
R_FUR4,0.0
R_DUxtO,0.0
R_U175_,20.0
R_U151_,0.0
R_THI21,0.0
R_STL1_4,-60.0
R_MIxtI,0.0
R_U19_,0.0
R_GLAMxtO,0.0
R_CHA1_2,22.01063829787243
R_CHA1_1,0.0
R_GLAMxtI,0.0
R_U178_,0.0
R_U154_,0.0
R_U130_,0.0
R_APT2,0.0
R_KGD1,0.0
R_GAD1,0.0
R_APT1,0.0
R_MSW1,0.0
R_CITxtO,-10.0
R_GLTxtI,0.0
R_HOM6_1,4.021276595744874
R_PHO11,0.0
R_U177_,20.0
R_HYR1,0.0
R_U153_,20.0
R_HOM6_2,0.0
R_CITxtI,-10.0
R_APA1_2,0.0
R_GLTxtO,0.0
R_APA1_1,0.0
